ADDRESS,IMAP,imap port,SMTP,smtp port
126.com,imap.126.com,993,smtp.126.com,587
163.com,imap.163.com,993,smtp.163.com,587
3nt3.de,mail.3nt3.de,993,mail.3nt3.de,465
420blaze.it,mail.cock.li,993,mail.cock.li,587
8chan.co,mail.cock.li,993,mail.cock.li,587
aaathats3as.com,mail.cock.li,993,mail.cock.li,587
accountant.com,imap.mail.com,993,smtp.mail.com,587
activist.com,imap.mail.com,993,smtp.mail.com,587
ad.unsw.edu.au,outlook.office365.com,993,smtp.office365.com,587
adexec.com,imap.mail.com,993,smtp.mail.com,587
airmail.cc,mail.cock.li,993,mail.cock.li,587
allergist.com,imap.mail.com,993,smtp.mail.com,587
alumni.bits-pilani.ac.in,imap.gmail.com,993,smtp.gmail.com,465
alumni.com,imap.mail.com,993,smtp.mail.com,587
alumni.unitn.it,imap.gmail.com,993,smtp.gmail.com,587
alumnidirector.com,imap.mail.com,993,smtp.mail.com,587
alunos.utfpr.edu.br,imap.gmail.com,993,smtp.gmail.com,587
anche.no,mail.autistici.org,993,smtp.autistici.org,465
angelic.com,imap.mail.com,993,smtp.mail.com,587
anu.edu.au,outlook.office365.com,993,smtp.office365.com,587
aol.com,imap.aol.com,993,smtp.aol.com,465
appraiser.net,imap.mail.com,993,smtp.mail.com,587
aquilenet.fr,imap.aquilenet.fr,993,smtp.aquilenet.fr,587
archaeologist.com,imap.mail.com,993,smtp.mail.com,587
arcticmail.com,imap.mail.com,993,smtp.mail.com,587
artlover.com,imap.mail.com,993,smtp.mail.com,587
asia.com,imap.mail.com,993,smtp.mail.com,587
auctioneer.net,imap.mail.com,993,smtp.mail.com,587
autistiche.org,mail.autistici.org,993,smtp.autistici.org,465
autistici.org,mail.autistici.org,993,smtp.autistici.org,465
autograf.pl,imap.poczta.onet.pl,993,smtp.poczta.onet.pl,465
autoproduzioni.net,mail.autistici.org,993,smtp.autistici.org,465
bartender.net,imap.mail.com,993,smtp.mail.com,587
bastardi.net,mail.autistici.org,993,smtp.autistici.org,465
beaumccartney.xyz,mail.beaumccartney.xyz,993,mail.beaumccartney.xyz,465
bguth.de,wp300.webpack.hosteurope.de,993,wp300.webpack.hosteurope.de,587
bigpond.com,imap.telstra.com,143,smtp.telstra.com,587
bikerider.com,imap.mail.com,993,smtp.mail.com,587
billycarlyle.uk,mail.muny.us,993,mail.muny.us,465
biomed.ee.ethz.ch,mail.ethz.ch,993,mail.ethz.ch,587
birdlover.com,imap.mail.com,993,smtp.mail.com,587
bjoernguthphotography.de,wp300.webpack.hosteurope.de,993,wp300.webpack.hosteurope.de,587
bocken.org,mail.bocken.org,993,mail.bocken.org,587
brew-meister.com,imap.mail.com,993,smtp.mail.com,587
bruttocarattere.org,mail.autistici.org,993,smtp.autistici.org,465
btinternet.com,mail.btinternet.com,993,mail.btinternet.com,587
calstatela.edu,outlook.office365.com,993,smtp.office365.com,587
campus.fct.unl.pt,imap.gmail.com,993,smtp.gmail.com,587
canaglie.net,mail.autistici.org,993,smtp.autistici.org,465
canaglie.org,mail.autistici.org,993,smtp.autistici.org,465
carleton.ca,imap-mail.outlook.com,993,smtp-mail.outlook.com,587
cash4u.com,imap.mail.com,993,smtp.mail.com,587
cedars.xyz,mail.cedars.xyz,993,mail.cedars.xyz,465
ceng.metu.edu.tr,imap.ceng.metu.edu.tr,993,mailhost.ceng.metu.edu.tr,587
cerex.no,mail.cerex.no,993,mail.cerex.no,465
cheerful.com,imap.mail.com,993,smtp.mail.com,587
chef.net,imap.mail.com,993,smtp.mail.com,587
chemist.com,imap.mail.com,993,smtp.mail.com,587
chrissx.ga,chrissx.ga,993,chrissx.ga,25
clarkson.edu,imap.gmail.com,993,smtp.gmail.com,587
clasnet.sunyocc.edu,outlook.office365.com,993,smtp.office365.com,587
clerk.com,imap.mail.com,993,smtp.mail.com,587
clubmember.org,imap.mail.com,993,smtp.mail.com,587
cmail.carleton.ca,imap-mail.outlook.com,993,smtp-mail.outlook.com,587
cn.edu,imap-mail.outlook.com,993,smtp-mail.outlook.com,587
cocaine.ninja,mail.cock.li,993,mail.cock.li,587
cock.email,mail.cock.li,993,mail.cock.li,587
cock.li,mail.cock.li,993,mail.cock.li,587
cock.lu,mail.cock.li,993,mail.cock.li,587
coldmail.xyz,mail.sheriffmediocre.xyz,993,mail.sheriffmediocre.xyz,465
collector.org,imap.mail.com,993,smtp.mail.com,587
columnist.com,imap.mail.com,993,smtp.mail.com,587
comcast.net,imap.comcast.net,993,smtp.comcast.net,465
comic.com,imap.mail.com,993,smtp.mail.com,587
computer4u.com,imap.mail.com,993,smtp.mail.com,587
consultant.com,imap.mail.com,993,smtp.mail.com,587
contractor.net,imap.mail.com,993,smtp.mail.com,587
coolsite.net,imap.mail.com,993,smtp.mail.com,587
counsellor.com,imap.mail.com,993,smtp.mail.com,587
cryptolab.net,mail.autistici.org,993,smtp.autistici.org,465
cumallover.me,mail.cock.li,993,mail.cock.li,587
cyberservices.com,imap.mail.com,993,smtp.mail.com,587
datentopf.org,mail.datentopf.org,993,mail.datentopf.org,587
deliveryman.com,imap.mail.com,993,smtp.mail.com,587
dicksinhisan.us,mail.cock.li,993,mail.cock.li,587
dicksinmyan.us,mail.cock.li,993,mail.cock.li,587
diplomats.com,imap.mail.com,993,smtp.mail.com,587
dismail.de,imap.dismail.de,993,smtp.dismail.de,465
disroot.org,disroot.org,993,disroot.org,587
distruzione.org,mail.autistici.org,993,smtp.autistici.org,465
domeneshop.no,imap.domeneshop.no,993,smtp.domeneshop.no,587
dorriseaton.com,outlook.office365.com,993,smtp.office365.com,587
dr.com,imap.mail.com,993,smtp.mail.com,587
duke.edu,outlook.office365.com,993,smtp.office365.com,587
e.email,mail.ecloud.global,993,mail.ecloud.global,587
email.arizona.edu,imap.gmail.com,993,smtp.gmail.com,587
email.com,imap.mail.com,993,smtp.mail.com,587
eneco.com,outlook.office365.com,993,smtp.office365.com,587
engineer.com,imap.mail.com,993,smtp.mail.com,587
erciyes.edu.tr,mail.erciyes.edu.tr,993,mail.erciyes.edu.tr,587
ethancoe.com,mail.privateemail.com,993,mail.privateemail.com,465
ethz.ch,mail.ethz.ch,993,mail.ethz.ch,587
etu.sorbonne-universite.fr,imaps.sorbonne-universite.fr,993,smtps.sorbonne-universite.fr,465
etu.upmc.fr,imaps.sorbonne-universite.fr,993,smtps.sorbonne-universite.fr,465
europe.com,imap.mail.com,993,smtp.mail.com,587
ex-studenti.unitn.it,imap.gmail.com,993,smtp.gmail.com,587
faks.no,mail.uniweb.no,993,mail.uniweb.no,465
fastmail.com,imap.fastmail.com,993,smtp.fastmail.com,465
fastmail.fm,imap.fastmail.com,993,smtp.fastmail.com,465
fct.unl.pt,imap.gmail.com,993,smtp.gmail.com,587
fidei.email,box.fidei.email,993,box.fidei.email,465
firemail.cc,mail.cock.li,993,mail.cock.li,587
forpsi.com,imap.forpsi.com,993,smtp.forpsi.com,465
forthnet.gr,mail.forthnet.gr,993,smtp-auth.forthnet.gr,465
freedom.nl,imap.freedom.nl,993,smtp.freedom.nl,465
freedom.xyz,imap.nixnet.email,143,smtp.nixnet.email,587
fsmpi.rwth-aachen.de,mail.fsmpi.rwth-aachen.de,993,mail.fsmpi.rwth-aachen.de,465
fsu-jena,exchange.uni-jena.de,993,smtp.uni-jena.de,587
gcc.edu,imap-mail.outlook.com,993,smtp-mail.outlook.com,587
getbackinthe.kitchen,mail.cock.li,993,mail.cock.li,587
ghalv.no,mail.ghalv.no,993,mail.ghalv.no,465
gmail.com,imap.gmail.com,993,smtp.gmail.com,587
gmx.*,imap.gmx.net,993,mail.gmx.net,587
go2.pl,poczta.o2.pl,993,poczta.o2.pl,465
goat.si,mail.cock.li,993,mail.cock.li,587
googlemail.com,imap.googlemail.com,993,smtp.googlemail.com,587
gordon.edu,outlook.office365.com,993,smtp.office365.com,587
grrlz.net,mail.autistici.org,993,smtp.autistici.org,465
hacari.*,mail.autistici.org,993,smtp.autistici.org,465
helsinki.fi,outlook.office365.com,993,smtp.helsinki.fi,587
hhu.de,mail.hhu.de,993,mail.hhu.de,465
hitler.rocks,mail.cock.li,993,mail.cock.li,587
horsefucker.org,mail.cock.li,993,mail.cock.li,587
hostgator,gator4171.hostgator.com,993,gator4171.hostgator.com,587
hotmail.*,outlook.office365.com,993,smtp.office365.com,587
hs-mittweida.de,mail.hs-mittweida.de,993,mail.hs-mittweida.de,465
humbug.pw,imap.migadu.com,993,smtp.migadu.com,587
hushmail.com,imap.hushmail.com,993,smtp.hushmail.com,465
icloud.com,imap.mail.me.com,993,smtp.mail.me.com,587
ik.me,mail.infomaniak.com,993,mail.infomaniak.com,587
illinois.edu, imap.gmail.com,993,smtp.gmail.com,465
in.tum.de,mail.in.tum.de,993,mail.in.tum.de,465
iname.com,imap.mail.com,993,smtp.mail.com,587
inbox.lv,mail.inbox.lv,993,mail.inbox.lv,465
inf.h-brs.de,imap.inf.h-brs.de,993,smtp.inf.h-brs.de,587
infomaniak.com,imap.infomaniak.com,993,imap.infomaniak.com,587
insiberia.net,mail.autistici.org,993,smtp.autistici.org,465
insicuri.net,mail.autistici.org,993,smtp.autistici.org,465
interactio.io,imap.gmail.com,993,smtp.gmail.com,587
interia.*,poczta.interia.pl,993,poczta.interia.pl,465
inventati.org,mail.autistici.org,993,smtp.autistici.org,465
ionos.de,imap.ionos.de,993,smtp.ionos.de,587
itu.dk,imap-mail.outlook.com,993,smtp-mail.outlook.com,587
iu.edu,imap.exchange.iu.edu,993,mail-relay.iu.edu,587
kalli.st,mail.kalli.st,993,kalli.st,587
kean.edu,imap.gmail.com,993,smtp.gmail.com,587
kipras.org,mail.kipras.org,993,mail.kipras.org,587
krutt.org,mail.autistici.org,993,smtp.autistici.org,465
kth.se,webmail.kth.se,993,smtp.kth.se,587
lancaster.ac.uk,outlook.office365.com,993,smtp.office365.com,587
larbs.xyz,mail.larbs.xyz,993,mail.larbs.xyz,587
lavabit.com,lavabit.com,993,lavabit.com,587
librem.one,imap.librem.one,993,smtp.librem.one,465
linux.monster,imap.nixnet.email,143,smtp.nixnet.email,587
linuxmail.org,imap.mail.com,993,smtp.mail.com,587
live.com,imap-mail.outlook.com,993,smtp-mail.outlook.com,587
live.de,imap-mail.outlook.com,993,smtp-mail.outlook.com,587
live.rhul.ac.uk,outlook.office365.com,993,smtp.office365.com,587
logorroici.org,mail.autistici.org,993,smtp.autistici.org,465
loves.dicksinhisan.us,mail.cock.li,993,mail.cock.li,587
loves.dicksinmyan.us,mail.cock.li,993,mail.cock.li,587
lukesmith.xyz,mail.cedars.xyz,993,mail.cedars.xyz,465
luther.edu,imap.gmail.com,993,smtp.gmail.com,587
mac.com,imap.mail.me.com,993,smtp.mail.me.com,587
mace.ac.in,imap.gmail.com,993,smtp.gmail.com,587
mail.com,imap.mail.com,993,smtp.mail.com,587
mail.de,imap.mail.de,993,smtp.mail.de,465
mail.mcgill.ca,outlook.office365.com,993,smtp.office365.com,587
mail.polimi.it,outlook.office365.com,993,smtp.office365.com,587
mail.ru,imap.mail.ru,993,smtp.mail.ru,465
mail.utoronto.ca,outlook.office365.com,993,smtp.office365.com,587
mailbox.org,imap.mailbox.org,993,smtp.mailbox.org,587
mailbox.tu-dresden.de,msx.tu-dresden.de,993,msx.tu-dresden.de,587
mailfence.com,imap.mailfence.com,993,smtp.mailfence.com,465
mailo.com,mail.mailo.com,993,mail.mailo.com,465
marquette.edu,outlook.office365.com,993,smtp.office365.com,587
me.com,imap.mail.me.com,993,smtp.mail.me.com,587
memeware.net,mail.cock.li,993,mail.cock.li,587
metu.edu.tr,imap.metu.edu.tr,993,smtp.metu.edu.tr,465
mit.edu,imap.exchange.mit.edu,993,outgoing.mit.edu,465
ml1.net,imap.fastmail.com,993,smtp.fastmail.com,465
mortemale.org,mail.autistici.org,993,smtp.autistici.org,465
msn.com,imap-mail.outlook.com,993,smtp-mail.outlook.com,587
muny.us,mail.muny.us,993,mail.muny.us,465
myself.com,imap.mail.com,993,smtp.mail.com,587
myseneca.ca,outlook.office365.com,993,outlook.office365.com,587
narod.ru,imap.yandex.com,993,smtp.yandex.com,587
national.shitposting.agency,mail.cock.li,993,mail.cock.li,587
ncsu.edu,imap.gmail.com,993,smtp.gmail.com,587
netcourrier.com,mail.netcourrier.com,993,mail.netcourrier.com,465
nigge.rs,mail.cock.li,993,mail.cock.li,587
niser.ac.in,imap.gmail.com,993,smtp.gmail.com,587
nixnet.email,imap.nixnet.email,143,smtp.nixnet.email,587
nixnet.xyz,imap.nixnet.email,143,smtp.nixnet.email,587
nixnetmail.com,imap.nixnet.email,143,smtp.nixnet.email,587
nuke.africa,mail.cock.li,993,mail.cock.li,587
nyu.edu,imap.gmail.com,993,smtp.gmail.com,587
o2.pl,poczta.o2.pl,993,poczta.o2.pl,465
odu.edu,imap.gmail.com,993,smtp.gmail.com,587
one.com,imap.one.com,993,send.one.com,465
onenetbeyond.org,mail.autistici.org,993,smtp.autistici.org,465
onet.com.pl,imap.poczta.onet.pl,993,smtp.poczta.onet.pl,465
onet.eu,imap.poczta.onet.pl,993,smtp.poczta.onet.pl,465
onet.pl,imap.poczta.onet.pl,993,smtp.poczta.onet.pl,587
online.de,imap.1und1.de,993,smtp.1und1.de,465
op.pl,imap.poczta.onet.pl,993,smtp.poczta.onet.pl,465
opoczta.pl,imap.poczta.onet.pl,993,smtp.poczta.onet.pl,465
orange.fr,imap.orange.fr,993,smtp.orange.fr,465
outlook.*,imap-mail.outlook.com,993,smtp-mail.outlook.com,587
outlook.es,outlook.office365.com,993,smtp.office365.com,587
parabolas.xyz,mail.parabolas.xyz,993,mail.parabolas.xyz,587
paranoici.org,mail.autistici.org,993,smtp.autistici.org,465
paranoid.email,imap.paranoid.email,993,smtp.paranoid.email,25
paranoid.network,imap.nixnet.email,143,smtp.nixnet.email,587
poczta.fm,poczta.interia.pl,993,poczta.interia.pl,465
poczta.onet.pl,imap.poczta.onet.pl,993,smtp.poczta.onet.pl,465
polimi.it,outlook.office365.com,993,smtp.office365.com,587
polito.it,mail.polito.it,993,mail.polito.it,465
post.com,imap.mail.com,993,smtp.mail.com,587
posteo.*,posteo.de,993,posteo.de,465
privateemail.com,mail.privateemail.com,993,mail.privateemail.com,443
privacy.xyz,imap.nixnet.email,143,smtp.nixnet.email,587
privacyrequired.com,mail.autistici.org,993,smtp.autistici.org,465
prokonto.pl,poczta.o2.pl,993,poczta.o2.pl,465
purelymail.com,imap.purelymail.com,993,smtp.purelymail.com,465
pwned.life,imap.nixnet.email,143,smtp.nixnet.email,587
qq.com,imap.qq.com,993,smtp.qq.com,587
rape.lol,mail.cock.li,993,mail.cock.li,587
redchan.it,mail.cock.li,993,mail.cock.li,587
resch.pw,mail.resch.pw,993,mail.resch.pw,587
riseup.net,mail.riseup.net,993,mail.riseup.net,465
rmcacs.org,imap.gmail.com,993,smtp.gmail.com,587
runbox.com,mail.runbox.com,993,mail.runbox.com,587
rwth-aachen.de,mail.rwth-aachen.de,993,mail.rwth-aachen.de,587
sapo.pt,imap.sapo.pt,993,smtp.sapo.pt,587
seznam.cz,imap.seznam.cz,993,smtp.seznam.cz,465
sheridancollege.ca,outlook.office365.com,993,smtp.office365.com,587
shu.edu.cn,imap.shu.edu.cn,143,smtp.shu.edu.cn,25
sina.cn,imap.sina.cn,993,smtp.sina.cn,587
sina.com,imap.sina.com,993,smtp.sina.com,587
sis.hust.edu.vn,outlook.office365.com,993,smtp.office365.com,587
smail.inf.h-brs.de,imap.inf.h-brs.de,993,smtp.inf.h-brs.de,587
sms.ed.ac.uk,pod51015.outlook.com,993,pod51015.outlook.com,587
snopyta.org,mail.snopyta.org,993,mail.snopyta.org,465
sohu.com,imap.sohu.com,143,smtp.sohu.com,25
southwales.ac.uk,imap.gmail.com,993,smtp.gmail.com,587
spoko.pl,imap.poczta.onet.pl,993,smtp.poczta.onet.pl,465
st.amu.edu.pl,outlook.office365.com,993,smtp.office365.com,587
stevens.edu,imap.outlook.com,993,smtp.outlook.com,587
stronzi.org,mail.autistici.org,993,smtp.autistici.org,465
stud.feec.vutbr.cz,imap.stud.feec.vutbr.cz,993,smtp.stud.feec.vutbr.cz,587
stud.tu-darmstadt.de,imap.stud.tu-darmstadt.de,993,smtp.tu-darmstadt.de,465
stud.uis.no,outlook.office365.com,993,smtp.office365.com,587
stud.uni-bamberg.de,outlook.office365.com,993,smtp.office365.com,587
stud.uni-saarland.de,mail.hiz-saarland.de,993,mail.hiz-saarland.de,465
student.binadarma.ac.id,imap.gmail.com,993,smtp.gmail.com,587
student.ethz.ch,mail.ethz.ch,993,mail.ethz.ch,587
student.rmit.edu.au,outlook.office365.com,993,smtp.office365.com,587
student.tuwien.ac.at,mail.student.tuwien.ac.at,993,mail.student.tuwien.ac.at,587
student.uj.edu.pl,outlook.office365.com,993,smtp.office365.com,587
student.utwente.nl,imap.gmail.com,993,smtp.gmail.com,587
studenti.unipi.it,outlook.office365.com,993,smtp.office365.com,587
studenti.unitn.it,imap.gmail.com,993,smtp.gmail.com,587
students.rmcacs.org,imap.gmail.com,993,smtp.gmail.com,587
students.southwales.ac.uk,imap.gmail.com,993,smtp.gmail.com,587
studio.unibo.it,outlook.office365.com,993,smtp.office365.com,587
studserv.uni-leipzig.de,studserv.uni-leipzig.de,993,studserv.uni-leipzig.de,25
subvertising.org,mail.autistici.org,993,smtp.autistici.org,465
t-online.de,secureimap.t-online.de,993,securesmtp.t-online.de,465
techie.com,imap.mail.com,993,smtp.mail.com,587
tecnico.ulisboa.pt,mail.tecnico.ulisboa.pt,993,mail.tecnico.ulisboa.pt,465
teknik.io,mail.teknik.io,993,mail.teknik.io,587
telenet.be,imap.telenet.be,993,smtp.telenet.be,587
tfwno.gf,mail.cock.li,993,mail.cock.li,587
thamognya.com,mail.thamognya.com,993,mail.thamognya.com,587
thunix.net,thunix.net,143,thunix.net,25
tlen.pl,poczta.o2.pl,993,poczta.o2.pl,465
tlu.edu,imap-mail.outlook.com,993,smtp-mail.outlook.com,587
tquad.ai,imap.mail.eu-west-1.awsapps.com,993,smtp.mail.eu-west-1.awsapps.com,465
tu-harburg.de,mail.tu-harburg.de,993,mail.tu-harburg.de,587
tuhh.de,mail.tu-harburg.de,993,mail.tu-harburg.de,587
tum.de,xmail.mwn.de,993,postout.lrz.de,587
txstate.edu,outlook.office365.com,993,smtp.office365.com,587
ua.pt,outlook.office365.com,993,mail.ua.pt,25
uach.mx,imap.gmail.com,993,smtp.gmail.com,587
ucalgary.ca,outlook.office365.com,993,smtp.office365.com,587
ucdavis.edu,imap.gmail.com,993,smtp.gmail.com,587
uclive.ac.nz,outlook.office365.com,993,smtp.office365.com,587
ucsb.edu,imap.gmail.com,993,smtp.gmail.com,587
ucsc.edu,imap.gmail.com,993,smtp.gmail.com,587
ukr.net,imap.ukr.net,993,smtp.ukr.net,465
umbc.edu,imap.gmail.com,993,smtp.gmail.com,587
uni-duesseldorf.de,mail.hhu.de,993,mail.hhu.de,465
uni-jena.de,imap.uni-jena.de,993,smtp.uni-jena.de,587
uni.edu.pe,imap.gmail.com,993,smtp.gmail.com,587
uni.strath.ac.uk,outlook.office365.com,993,smtp.office365.com,587
unilodz.eu,outlook.office365.com,993,smtp.office365.com,587
unitn.it,imap.gmail.com,993,smtp.gmail.com,587
unitybox.de,mail.unity-mail.de,993,mail.unity-mail.de,587
univ-ubs.fr,partage.univ-ubs.fr,993,partage.univ-ubs.fr,587
uoregon.edu,imap.uoregon.edu,993,smtp.uoregon.edu,587
uqtr.ca,outlook.office365.com,993,smtp.office365.com,587
usa.com,imap.mail.com,993,smtp.mail.com,587
usp.br,imap.gmail.com,993,smtp.gmail.com,465
utas.edu.au,outlook.office365.com,993,smtp.office365.com,587
utdallas.edu,outlook.office365.com,993,smtp.office365.com,587
uw.edu,imap.gmail.com,993,smtp.gmail.com,465
uwcad.it,imap.gmail.com,993,smtp.gmail.com,465
ux.uis.no,imap.ux.uis.no,993,broremann.ux.uis.no,25
uymail.com,imap.mail.com,993,smtp.mail.com,587
vip.onet.pl,imap.poczta.onet.pl,993,smtp.poczta.onet.pl,465
vivaldi.net,imap.vivaldi.net,993,smtp.vivaldi.net,587
vp.pl,imap.poczta.onet.pl,993,smtp.poczta.onet.pl,465
vt.edu,imap.gmail.com,993,smtp.gmail.com,587
vxempire.xyz,vxempire.xyz,993,vxempire.xyz,465
waifu.club,mail.cock.li,993,mail.cock.li,587
wanadoo.fr,imap.orange.fr,993,smtp.orange.fr,465
wants.dicksinhisan.us,mail.cock.li,993,mail.cock.li,587
wants.dicksinmyan.us,mail.cock.li,993,mail.cock.li,587
web.de,imap.web.de,993,smtp.web.de,587
wit.edu,outlook.office365.com,993,smtp.office365.com,587
wp.pl,imap.wp.pl,993,smtp.wp.pl,465
writeme.com,imap.mail.com,993,smtp.mail.com,587
ya.ru,imap.yandex.com,993,smtp.yandex.com,587
yahoo.*,imap.mail.yahoo.com,993,smtp.mail.yahoo.com,587
yandex.*,imap.yandex.com,993,smtp.yandex.com,587
ymail.com,imap.mail.yahoo.com,993,smtp.mail.yahoo.com,465
zaclys.net,mail.zaclys.net,993,mail.zaclys.net,465
zju.edu.cn,imap.zju.edu.cn,993,smtp.zju.edu.cn,994
zoho.com,imap.zoho.com,993,smtp.zoho.com,465
zohomail.eu,imap.zoho.eu,993,smtp.zoho.eu,465
